label,config,chapter,node_type,count
r1_rule_off,api_payload,10,Ability,3
r1_rule_off,api_payload,10,Character,32
r1_rule_off,api_payload,10,Concept,8
r1_rule_off,api_payload,10,Event,5
r1_rule_off,api_payload,10,Item,13
r1_rule_off,api_payload,10,Organization,5
r1_rule_off,api_payload,10,Place,21
r1_rule_off,api_payload,10,Title,3
r1_rule_off,api_payload,20,Ability,4
r1_rule_off,api_payload,20,Character,41
r1_rule_off,api_payload,20,Concept,14
r1_rule_off,api_payload,20,Event,11
r1_rule_off,api_payload,20,Item,20
r1_rule_off,api_payload,20,Organization,9
r1_rule_off,api_payload,20,Place,34
r1_rule_off,api_payload,20,Title,5
r1_rule_off,api_payload,30,Ability,4
r1_rule_off,api_payload,30,Character,44
r1_rule_off,api_payload,30,Concept,19
r1_rule_off,api_payload,30,Event,16
r1_rule_off,api_payload,30,Item,24
r1_rule_off,api_payload,30,Organization,13
r1_rule_off,api_payload,30,Place,42
r1_rule_off,api_payload,30,Title,5
r1_rule_off,api_payload,40,Ability,5
r1_rule_off,api_payload,40,Character,53
r1_rule_off,api_payload,40,Concept,21
r1_rule_off,api_payload,40,Event,22
r1_rule_off,api_payload,40,Item,28
r1_rule_off,api_payload,40,Organization,16
r1_rule_off,api_payload,40,Place,55
r1_rule_off,api_payload,40,Title,6
