label,config,chapter,relation,count
r1_rule_off,api_payload,10,ALIAS,1
r1_rule_off,api_payload,10,Mentor,2
r1_rule_off,api_payload,10,Parent,1
r1_rule_off,api_payload,10,Protects,0
r1_rule_off,api_payload,10,REINCARNATION,0
r1_rule_off,api_payload,10,Respects,1
r1_rule_off,api_payload,10,Rival,1
r1_rule_off,api_payload,10,SECRET_IDENTITY,1
r1_rule_off,api_payload,10,Serves,2
r1_rule_off,api_payload,10,Sibling,1
r1_rule_off,api_payload,10,TRANSMIGRATED_INTO,0
r1_rule_off,api_payload,20,ALIAS,2
r1_rule_off,api_payload,20,Mentor,3
r1_rule_off,api_payload,20,Parent,2
r1_rule_off,api_payload,20,Protects,0
r1_rule_off,api_payload,20,REINCARNATION,0
r1_rule_off,api_payload,20,Respects,1
r1_rule_off,api_payload,20,Rival,1
r1_rule_off,api_payload,20,SECRET_IDENTITY,2
r1_rule_off,api_payload,20,Serves,2
r1_rule_off,api_payload,20,Sibling,1
r1_rule_off,api_payload,20,TRANSMIGRATED_INTO,0
r1_rule_off,api_payload,30,ALIAS,2
r1_rule_off,api_payload,30,Mentor,3
r1_rule_off,api_payload,30,Parent,2
r1_rule_off,api_payload,30,Protects,1
r1_rule_off,api_payload,30,REINCARNATION,1
r1_rule_off,api_payload,30,Respects,1
r1_rule_off,api_payload,30,Rival,1
r1_rule_off,api_payload,30,SECRET_IDENTITY,2
r1_rule_off,api_payload,30,Serves,3
r1_rule_off,api_payload,30,Sibling,1
r1_rule_off,api_payload,30,TRANSMIGRATED_INTO,0
r1_rule_off,api_payload,40,ALIAS,2
r1_rule_off,api_payload,40,Mentor,3
r1_rule_off,api_payload,40,Parent,2
r1_rule_off,api_payload,40,Protects,1
r1_rule_off,api_payload,40,REINCARNATION,2
r1_rule_off,api_payload,40,Respects,1
r1_rule_off,api_payload,40,Rival,1
r1_rule_off,api_payload,40,SECRET_IDENTITY,1
r1_rule_off,api_payload,40,Serves,3
r1_rule_off,api_payload,40,Sibling,1
r1_rule_off,api_payload,40,TRANSMIGRATED_INTO,1
