chapter,section,variant,key,metric,value,detail
9,validation,,excluded_entities,count,0,
9,validation,,excluded_relations,count,8,
9,validation,,excluded_aliases,count,0,
9,validation,,excluded_rejected_mentions,count,0,
9,uncertain,,records_excluded,count,4,"free-text item/paragraph/question notes; they contain no entity or relation records, so nothing was scored from them"
17,validation,,excluded_entities,count,0,
17,validation,,excluded_relations,count,12,
17,validation,,excluded_aliases,count,0,
17,validation,,excluded_rejected_mentions,count,0,
17,uncertain,,records_excluded,count,11,"free-text item/paragraph/question notes; they contain no entity or relation records, so nothing was scored from them"
37,validation,,excluded_entities,count,0,
37,validation,,excluded_relations,count,8,
37,validation,,excluded_aliases,count,0,
37,validation,,excluded_rejected_mentions,count,0,
37,uncertain,,records_excluded,count,8,"free-text item/paragraph/question notes; they contain no entity or relation records, so nothing was scored from them"
all,match_rule,,normalisation,text,"normalise(s): Unicode NFKC; replace the curly apostrophe U+2019 with '; casefold; strip surrounding whitespace and the characters ""'`.,;:!?()[]{}<>; collapse every internal whitespace run to one space; drop a leading article 'the ', 'a ' or 'an '; drop a trailing possessive ""'s"".",
all,match_rule,,entity,text,"PRIMARY (strict): a v1 entity matches a reference entity iff normalise(v1.name) == normalise(reference.name) AND v1.type == reference.type. One-to-one: each reference entity is consumed by at most one v1 entity. SECONDARY (alias-aware, reported alongside, never instead): additionally allow a match when normalise(v1.name) equals the normalisation of ANY of the reference entity's surface_forms, with the type still required to be equal.",
all,match_rule,,relation,text,"A v1 edge matches a reference relation iff their source entities matched, their target entities matched, and the relation string is equal. Reference relations with directed=true are matched on the ORDERED pair; with directed=false, either order is accepted. Endpoints that could not be matched to a v1 entity make the relation unmatchable, and it is counted as a reference-side miss.",
9,entity,strict,ALL,precision,0.631579,
9,entity,strict,ALL,recall,0.545455,
9,entity,strict,ALL,f1,0.585366,
9,entity,strict,ALL,tp,12,
9,entity,strict,ALL,fp,7,
9,entity,strict,ALL,fn,10,
9,entity,strict,Ability,precision,0.0,
9,entity,strict,Ability,recall,0.0,
9,entity,strict,Ability,f1,0.0,
9,entity,strict,Ability,tp,0,
9,entity,strict,Ability,fp,0,
9,entity,strict,Ability,fn,1,
9,entity,strict,Character,precision,0.666667,
9,entity,strict,Character,recall,0.666667,
9,entity,strict,Character,f1,0.666667,
9,entity,strict,Character,tp,6,
9,entity,strict,Character,fp,3,
9,entity,strict,Character,fn,3,
9,entity,strict,Concept,precision,0.0,
9,entity,strict,Concept,recall,0.0,
9,entity,strict,Concept,f1,0.0,
9,entity,strict,Concept,tp,0,
9,entity,strict,Concept,fp,0,
9,entity,strict,Concept,fn,1,
9,entity,strict,Item,precision,0.0,
9,entity,strict,Item,recall,0.0,
9,entity,strict,Item,f1,0.0,
9,entity,strict,Item,tp,0,
9,entity,strict,Item,fp,3,
9,entity,strict,Item,fn,1,
9,entity,strict,Organization,precision,1.0,
9,entity,strict,Organization,recall,0.5,
9,entity,strict,Organization,f1,0.666667,
9,entity,strict,Organization,tp,1,
9,entity,strict,Organization,fp,0,
9,entity,strict,Organization,fn,1,
9,entity,strict,Place,precision,0.833333,
9,entity,strict,Place,recall,0.714286,
9,entity,strict,Place,f1,0.769231,
9,entity,strict,Place,tp,5,
9,entity,strict,Place,fp,1,
9,entity,strict,Place,fn,2,
9,entity,strict,Title,precision,0.0,
9,entity,strict,Title,recall,0.0,
9,entity,strict,Title,f1,0.0,
9,entity,strict,Title,tp,0,
9,entity,strict,Title,fp,0,
9,entity,strict,Title,fn,1,
9,entity,alias_aware,ALL,precision,0.684211,
9,entity,alias_aware,ALL,recall,0.590909,
9,entity,alias_aware,ALL,f1,0.634146,
9,entity,alias_aware,ALL,tp,13,
9,entity,alias_aware,ALL,fp,6,
9,entity,alias_aware,ALL,fn,9,
9,entity,alias_aware,Ability,precision,0.0,
9,entity,alias_aware,Ability,recall,0.0,
9,entity,alias_aware,Ability,f1,0.0,
9,entity,alias_aware,Ability,tp,0,
9,entity,alias_aware,Ability,fp,0,
9,entity,alias_aware,Ability,fn,1,
9,entity,alias_aware,Character,precision,0.777778,
9,entity,alias_aware,Character,recall,0.777778,
9,entity,alias_aware,Character,f1,0.777778,
9,entity,alias_aware,Character,tp,7,
9,entity,alias_aware,Character,fp,2,
9,entity,alias_aware,Character,fn,2,
9,entity,alias_aware,Concept,precision,0.0,
9,entity,alias_aware,Concept,recall,0.0,
9,entity,alias_aware,Concept,f1,0.0,
9,entity,alias_aware,Concept,tp,0,
9,entity,alias_aware,Concept,fp,0,
9,entity,alias_aware,Concept,fn,1,
9,entity,alias_aware,Item,precision,0.0,
9,entity,alias_aware,Item,recall,0.0,
9,entity,alias_aware,Item,f1,0.0,
9,entity,alias_aware,Item,tp,0,
9,entity,alias_aware,Item,fp,3,
9,entity,alias_aware,Item,fn,1,
9,entity,alias_aware,Organization,precision,1.0,
9,entity,alias_aware,Organization,recall,0.5,
9,entity,alias_aware,Organization,f1,0.666667,
9,entity,alias_aware,Organization,tp,1,
9,entity,alias_aware,Organization,fp,0,
9,entity,alias_aware,Organization,fn,1,
9,entity,alias_aware,Place,precision,0.833333,
9,entity,alias_aware,Place,recall,0.714286,
9,entity,alias_aware,Place,f1,0.769231,
9,entity,alias_aware,Place,tp,5,
9,entity,alias_aware,Place,fp,1,
9,entity,alias_aware,Place,fn,2,
9,entity,alias_aware,Title,precision,0.0,
9,entity,alias_aware,Title,recall,0.0,
9,entity,alias_aware,Title,f1,0.0,
9,entity,alias_aware,Title,tp,0,
9,entity,alias_aware,Title,fp,0,
9,entity,alias_aware,Title,fn,1,
9,entity_false_positive,strict,ledger,v1_type,Item,
9,entity_false_positive,strict,Corwin,v1_type,Character,
9,entity_false_positive,strict,Drask,v1_type,Character,
9,entity_false_positive,strict,Captain,v1_type,Character,
9,entity_false_positive,strict,coin purse,v1_type,Item,
9,entity_false_positive,strict,Across the Quarter,v1_type,Place,
9,entity_false_positive,strict,certain goods,v1_type,Item,
9,entity_false_negative,strict,Orin Drask,reference_type,Character,
9,entity_false_negative,strict,Warden-Captain,reference_type,Title,
9,entity_false_negative,strict,Warden,reference_type,Concept,
9,entity_false_negative,strict,Sorrel,reference_type,Character,
9,entity_false_negative,strict,Undercroft's hidden door,reference_type,Item,
9,entity_false_negative,strict,fishmonger's stall,reference_type,Place,
9,entity_false_negative,strict,Warden's Discipline,reference_type,Ability,
9,entity_false_negative,strict,Vell Hall,reference_type,Place,
9,entity_false_negative,strict,House Vell,reference_type,Organization,
9,entity_false_negative,strict,Corwin Vell,reference_type,Character,
17,entity,strict,ALL,precision,0.466667,
17,entity,strict,ALL,recall,0.466667,
17,entity,strict,ALL,f1,0.466667,
17,entity,strict,ALL,tp,7,
17,entity,strict,ALL,fp,8,
17,entity,strict,ALL,fn,8,
17,entity,strict,Character,precision,0.714286,
17,entity,strict,Character,recall,0.833333,
17,entity,strict,Character,f1,0.769231,
17,entity,strict,Character,tp,5,
17,entity,strict,Character,fp,2,
17,entity,strict,Character,fn,1,
17,entity,strict,Event,precision,0.0,
17,entity,strict,Event,recall,0.0,
17,entity,strict,Event,f1,0.0,
17,entity,strict,Event,tp,0,
17,entity,strict,Event,fp,0,
17,entity,strict,Event,fn,1,
17,entity,strict,Item,precision,0.0,
17,entity,strict,Item,recall,0.0,
17,entity,strict,Item,f1,0.0,
17,entity,strict,Item,tp,0,
17,entity,strict,Item,fp,1,
17,entity,strict,Item,fn,0,
17,entity,strict,Organization,precision,0.5,
17,entity,strict,Organization,recall,0.25,
17,entity,strict,Organization,f1,0.333333,
17,entity,strict,Organization,tp,1,
17,entity,strict,Organization,fp,1,
17,entity,strict,Organization,fn,3,
17,entity,strict,Place,precision,0.2,
17,entity,strict,Place,recall,0.5,
17,entity,strict,Place,f1,0.285714,
17,entity,strict,Place,tp,1,
17,entity,strict,Place,fp,4,
17,entity,strict,Place,fn,1,
17,entity,strict,Title,precision,0.0,
17,entity,strict,Title,recall,0.0,
17,entity,strict,Title,f1,0.0,
17,entity,strict,Title,tp,0,
17,entity,strict,Title,fp,0,
17,entity,strict,Title,fn,2,
17,entity,alias_aware,ALL,precision,0.466667,
17,entity,alias_aware,ALL,recall,0.466667,
17,entity,alias_aware,ALL,f1,0.466667,
17,entity,alias_aware,ALL,tp,7,
17,entity,alias_aware,ALL,fp,8,
17,entity,alias_aware,ALL,fn,8,
17,entity,alias_aware,Character,precision,0.714286,
17,entity,alias_aware,Character,recall,0.833333,
17,entity,alias_aware,Character,f1,0.769231,
17,entity,alias_aware,Character,tp,5,
17,entity,alias_aware,Character,fp,2,
17,entity,alias_aware,Character,fn,1,
17,entity,alias_aware,Event,precision,0.0,
17,entity,alias_aware,Event,recall,0.0,
17,entity,alias_aware,Event,f1,0.0,
17,entity,alias_aware,Event,tp,0,
17,entity,alias_aware,Event,fp,0,
17,entity,alias_aware,Event,fn,1,
17,entity,alias_aware,Item,precision,0.0,
17,entity,alias_aware,Item,recall,0.0,
17,entity,alias_aware,Item,f1,0.0,
17,entity,alias_aware,Item,tp,0,
17,entity,alias_aware,Item,fp,1,
17,entity,alias_aware,Item,fn,0,
17,entity,alias_aware,Organization,precision,0.5,
17,entity,alias_aware,Organization,recall,0.25,
17,entity,alias_aware,Organization,f1,0.333333,
17,entity,alias_aware,Organization,tp,1,
17,entity,alias_aware,Organization,fp,1,
17,entity,alias_aware,Organization,fn,3,
17,entity,alias_aware,Place,precision,0.2,
17,entity,alias_aware,Place,recall,0.5,
17,entity,alias_aware,Place,f1,0.285714,
17,entity,alias_aware,Place,tp,1,
17,entity,alias_aware,Place,fp,4,
17,entity,alias_aware,Place,fn,1,
17,entity,alias_aware,Title,precision,0.0,
17,entity,alias_aware,Title,recall,0.0,
17,entity,alias_aware,Title,f1,0.0,
17,entity,alias_aware,Title,tp,0,
17,entity,alias_aware,Title,fp,0,
17,entity,alias_aware,Title,fn,2,
17,entity_false_positive,strict,Chancery,v1_type,Organization,
17,entity_false_positive,strict,House Ashcombe,v1_type,Place,
17,entity_false_positive,strict,Tobin Vell,v1_type,Character,
17,entity_false_positive,strict,Vell,v1_type,Character,
17,entity_false_positive,strict,House Vell,v1_type,Place,
17,entity_false_positive,strict,invitation,v1_type,Item,
17,entity_false_positive,strict,House Oswald,v1_type,Place,
17,entity_false_positive,strict,rooms,v1_type,Place,
17,entity_false_negative,strict,House Vell,reference_type,Organization,
17,entity_false_negative,strict,Vell Masque,reference_type,Event,
17,entity_false_negative,strict,House Oswald,reference_type,Organization,
17,entity_false_negative,strict,Tobin,reference_type,Character,
17,entity_false_negative,strict,House Ashcombe,reference_type,Organization,
17,entity_false_negative,strict,Chancery,reference_type,Place,
17,entity_false_negative,strict,Lord,reference_type,Title,
17,entity_false_negative,strict,Scribe,reference_type,Title,
17,entity_type_disagreement,,Chancery,v1_vs_reference,Organization vs Place,
17,entity_type_disagreement,,House Ashcombe,v1_vs_reference,Place vs Organization,
17,entity_type_disagreement,,House Vell,v1_vs_reference,Place vs Organization,
17,entity_type_disagreement,,House Oswald,v1_vs_reference,Place vs Organization,
37,entity,strict,ALL,precision,0.75,
37,entity,strict,ALL,recall,0.666667,
37,entity,strict,ALL,f1,0.705882,
37,entity,strict,ALL,tp,6,
37,entity,strict,ALL,fp,2,
37,entity,strict,ALL,fn,3,
37,entity,strict,Character,precision,0.5,
37,entity,strict,Character,recall,0.666667,
37,entity,strict,Character,f1,0.571429,
37,entity,strict,Character,tp,2,
37,entity,strict,Character,fp,2,
37,entity,strict,Character,fn,1,
37,entity,strict,Concept,precision,0.0,
37,entity,strict,Concept,recall,0.0,
37,entity,strict,Concept,f1,0.0,
37,entity,strict,Concept,tp,0,
37,entity,strict,Concept,fp,0,
37,entity,strict,Concept,fn,2,
37,entity,strict,Organization,precision,1.0,
37,entity,strict,Organization,recall,1.0,
37,entity,strict,Organization,f1,1.0,
37,entity,strict,Organization,tp,1,
37,entity,strict,Organization,fp,0,
37,entity,strict,Organization,fn,0,
37,entity,strict,Place,precision,1.0,
37,entity,strict,Place,recall,1.0,
37,entity,strict,Place,f1,1.0,
37,entity,strict,Place,tp,3,
37,entity,strict,Place,fp,0,
37,entity,strict,Place,fn,0,
37,entity,alias_aware,ALL,precision,0.875,
37,entity,alias_aware,ALL,recall,0.777778,
37,entity,alias_aware,ALL,f1,0.823529,
37,entity,alias_aware,ALL,tp,7,
37,entity,alias_aware,ALL,fp,1,
37,entity,alias_aware,ALL,fn,2,
37,entity,alias_aware,Character,precision,0.75,
37,entity,alias_aware,Character,recall,1.0,
37,entity,alias_aware,Character,f1,0.857143,
37,entity,alias_aware,Character,tp,3,
37,entity,alias_aware,Character,fp,1,
37,entity,alias_aware,Character,fn,0,
37,entity,alias_aware,Concept,precision,0.0,
37,entity,alias_aware,Concept,recall,0.0,
37,entity,alias_aware,Concept,f1,0.0,
37,entity,alias_aware,Concept,tp,0,
37,entity,alias_aware,Concept,fp,0,
37,entity,alias_aware,Concept,fn,2,
37,entity,alias_aware,Organization,precision,1.0,
37,entity,alias_aware,Organization,recall,1.0,
37,entity,alias_aware,Organization,f1,1.0,
37,entity,alias_aware,Organization,tp,1,
37,entity,alias_aware,Organization,fp,0,
37,entity,alias_aware,Organization,fn,0,
37,entity,alias_aware,Place,precision,1.0,
37,entity,alias_aware,Place,recall,1.0,
37,entity,alias_aware,Place,f1,1.0,
37,entity,alias_aware,Place,tp,3,
37,entity,alias_aware,Place,fp,0,
37,entity,alias_aware,Place,fn,0,
37,entity_false_positive,strict,Mira,v1_type,Character,
37,entity_false_positive,strict,Wanderer,v1_type,Character,
37,entity_false_negative,strict,Mira Quell,reference_type,Character,
37,entity_false_negative,strict,Wanderer,reference_type,Concept,
37,entity_false_negative,strict,Choir initiate,reference_type,Concept,
37,entity_type_disagreement,,Wanderer,v1_vs_reference,Character vs Concept,
pooled,entity,strict,ALL,precision,0.595238,
pooled,entity,strict,ALL,recall,0.543478,
pooled,entity,strict,ALL,f1,0.568182,
pooled,entity,strict,ALL,tp,25,
pooled,entity,strict,ALL,fp,17,
pooled,entity,strict,ALL,fn,21,
pooled,entity,strict,Ability,precision,0.0,
pooled,entity,strict,Ability,recall,0.0,
pooled,entity,strict,Ability,f1,0.0,
pooled,entity,strict,Ability,tp,0,
pooled,entity,strict,Ability,fp,0,
pooled,entity,strict,Ability,fn,1,
pooled,entity,strict,Character,precision,0.65,
pooled,entity,strict,Character,recall,0.722222,
pooled,entity,strict,Character,f1,0.684211,
pooled,entity,strict,Character,tp,13,
pooled,entity,strict,Character,fp,7,
pooled,entity,strict,Character,fn,5,
pooled,entity,strict,Concept,precision,0.0,
pooled,entity,strict,Concept,recall,0.0,
pooled,entity,strict,Concept,f1,0.0,
pooled,entity,strict,Concept,tp,0,
pooled,entity,strict,Concept,fp,0,
pooled,entity,strict,Concept,fn,3,
pooled,entity,strict,Event,precision,0.0,
pooled,entity,strict,Event,recall,0.0,
pooled,entity,strict,Event,f1,0.0,
pooled,entity,strict,Event,tp,0,
pooled,entity,strict,Event,fp,0,
pooled,entity,strict,Event,fn,1,
pooled,entity,strict,Item,precision,0.0,
pooled,entity,strict,Item,recall,0.0,
pooled,entity,strict,Item,f1,0.0,
pooled,entity,strict,Item,tp,0,
pooled,entity,strict,Item,fp,4,
pooled,entity,strict,Item,fn,1,
pooled,entity,strict,Organization,precision,0.75,
pooled,entity,strict,Organization,recall,0.428571,
pooled,entity,strict,Organization,f1,0.545455,
pooled,entity,strict,Organization,tp,3,
pooled,entity,strict,Organization,fp,1,
pooled,entity,strict,Organization,fn,4,
pooled,entity,strict,Place,precision,0.642857,
pooled,entity,strict,Place,recall,0.75,
pooled,entity,strict,Place,f1,0.692308,
pooled,entity,strict,Place,tp,9,
pooled,entity,strict,Place,fp,5,
pooled,entity,strict,Place,fn,3,
pooled,entity,strict,Title,precision,0.0,
pooled,entity,strict,Title,recall,0.0,
pooled,entity,strict,Title,f1,0.0,
pooled,entity,strict,Title,tp,0,
pooled,entity,strict,Title,fp,0,
pooled,entity,strict,Title,fn,3,
pooled,entity,alias_aware,ALL,precision,0.642857,
pooled,entity,alias_aware,ALL,recall,0.586957,
pooled,entity,alias_aware,ALL,f1,0.613636,
pooled,entity,alias_aware,ALL,tp,27,
pooled,entity,alias_aware,ALL,fp,15,
pooled,entity,alias_aware,ALL,fn,19,
pooled,entity,alias_aware,Ability,precision,0.0,
pooled,entity,alias_aware,Ability,recall,0.0,
pooled,entity,alias_aware,Ability,f1,0.0,
pooled,entity,alias_aware,Ability,tp,0,
pooled,entity,alias_aware,Ability,fp,0,
pooled,entity,alias_aware,Ability,fn,1,
pooled,entity,alias_aware,Character,precision,0.75,
pooled,entity,alias_aware,Character,recall,0.833333,
pooled,entity,alias_aware,Character,f1,0.789474,
pooled,entity,alias_aware,Character,tp,15,
pooled,entity,alias_aware,Character,fp,5,
pooled,entity,alias_aware,Character,fn,3,
pooled,entity,alias_aware,Concept,precision,0.0,
pooled,entity,alias_aware,Concept,recall,0.0,
pooled,entity,alias_aware,Concept,f1,0.0,
pooled,entity,alias_aware,Concept,tp,0,
pooled,entity,alias_aware,Concept,fp,0,
pooled,entity,alias_aware,Concept,fn,3,
pooled,entity,alias_aware,Event,precision,0.0,
pooled,entity,alias_aware,Event,recall,0.0,
pooled,entity,alias_aware,Event,f1,0.0,
pooled,entity,alias_aware,Event,tp,0,
pooled,entity,alias_aware,Event,fp,0,
pooled,entity,alias_aware,Event,fn,1,
pooled,entity,alias_aware,Item,precision,0.0,
pooled,entity,alias_aware,Item,recall,0.0,
pooled,entity,alias_aware,Item,f1,0.0,
pooled,entity,alias_aware,Item,tp,0,
pooled,entity,alias_aware,Item,fp,4,
pooled,entity,alias_aware,Item,fn,1,
pooled,entity,alias_aware,Organization,precision,0.75,
pooled,entity,alias_aware,Organization,recall,0.428571,
pooled,entity,alias_aware,Organization,f1,0.545455,
pooled,entity,alias_aware,Organization,tp,3,
pooled,entity,alias_aware,Organization,fp,1,
pooled,entity,alias_aware,Organization,fn,4,
pooled,entity,alias_aware,Place,precision,0.642857,
pooled,entity,alias_aware,Place,recall,0.75,
pooled,entity,alias_aware,Place,f1,0.692308,
pooled,entity,alias_aware,Place,tp,9,
pooled,entity,alias_aware,Place,fp,5,
pooled,entity,alias_aware,Place,fn,3,
pooled,entity,alias_aware,Title,precision,0.0,
pooled,entity,alias_aware,Title,recall,0.0,
pooled,entity,alias_aware,Title,f1,0.0,
pooled,entity,alias_aware,Title,tp,0,
pooled,entity,alias_aware,Title,fp,0,
pooled,entity,alias_aware,Title,fn,3,
9,alias_under_merge,,captain + drask,detail,reference groups both under 'Orin Drask'; v1 keeps 'Captain' and 'Drask' apart,
9,alias_under_merge,,captain + orin drask,detail,reference groups both under 'Orin Drask'; v1 keeps 'Captain' and 'Drask' apart,
9,alias,,pairwise,precision,1.0,
9,alias,,pairwise,recall,0.333333,
9,alias,,pairwise,f1,0.5,
9,alias,,pairwise,tp,1,
9,alias,,pairwise,fp,0,
9,alias,,pairwise,fn,2,
9,alias,,pairwise,tn,117,
9,alias,,pairwise,over_merges,0,
9,alias,,pairwise,under_merges,2,
9,alias,,pairwise,shared_surface_strings,16,
17,alias,,pairwise,precision,1.0,
17,alias,,pairwise,recall,1.0,
17,alias,,pairwise,f1,1.0,
17,alias,,pairwise,tp,1,
17,alias,,pairwise,fp,0,
17,alias,,pairwise,fn,0,
17,alias,,pairwise,tn,77,
17,alias,,pairwise,over_merges,0,
17,alias,,pairwise,under_merges,0,
17,alias,,pairwise,shared_surface_strings,13,
37,alias,,pairwise,precision,1.0,
37,alias,,pairwise,recall,1.0,
37,alias,,pairwise,f1,1.0,
37,alias,,pairwise,tp,1,
37,alias,,pairwise,fp,0,
37,alias,,pairwise,fn,0,
37,alias,,pairwise,tn,35,
37,alias,,pairwise,over_merges,0,
37,alias,,pairwise,under_merges,0,
37,alias,,pairwise,shared_surface_strings,9,
pooled,alias,,pairwise,precision,1.0,
pooled,alias,,pairwise,recall,0.6,
pooled,alias,,pairwise,f1,0.75,
pooled,alias,,pairwise,tp,3,
pooled,alias,,pairwise,fp,0,
pooled,alias,,pairwise,fn,2,
9,relation,chapter_local,ALL,micro_precision_matchable_only,0.0,
9,relation,chapter_local,ALL,micro_recall_matchable_only,0.0,
9,relation,chapter_local,ALL,micro_f1_matchable_only,0.0,
9,relation,chapter_local,ALL,fn_matchable_only,10,
9,relation,chapter_local,LEADS,precision,0.0,
9,relation,chapter_local,LEADS,recall,0.0,
9,relation,chapter_local,LEADS,f1,0.0,
9,relation,chapter_local,LEADS,tp,0,
9,relation,chapter_local,LEADS,fp,0,
9,relation,chapter_local,LEADS,fn,1,
9,relation,chapter_local,LOCATED_IN,precision,0.0,
9,relation,chapter_local,LOCATED_IN,recall,0.0,
9,relation,chapter_local,LOCATED_IN,f1,0.0,
9,relation,chapter_local,LOCATED_IN,tp,0,
9,relation,chapter_local,LOCATED_IN,fp,0,
9,relation,chapter_local,LOCATED_IN,fn,6,
9,relation,chapter_local,MEMBER_OF,precision,0.0,
9,relation,chapter_local,MEMBER_OF,recall,0.0,
9,relation,chapter_local,MEMBER_OF,f1,0.0,
9,relation,chapter_local,MEMBER_OF,tp,0,
9,relation,chapter_local,MEMBER_OF,fp,0,
9,relation,chapter_local,MEMBER_OF,fn,5,
9,relation,chapter_local,SERVES,precision,0.0,
9,relation,chapter_local,SERVES,recall,0.0,
9,relation,chapter_local,SERVES,f1,0.0,
9,relation,chapter_local,SERVES,tp,0,
9,relation,chapter_local,SERVES,fp,0,
9,relation,chapter_local,SERVES,fn,1,
9,relation,chapter_local,ALL,macro_f1,0.0,over 4 relation types
9,relation,chapter_local,ALL,micro_precision,0.0,
9,relation,chapter_local,ALL,micro_recall,0.0,
9,relation,chapter_local,ALL,micro_f1,0.0,
9,relation,chapter_local,ALL,tp,0,
9,relation,chapter_local,ALL,fp,0,
9,relation,chapter_local,ALL,fn,13,
9,relation_tier,chapter_local,tier1,precision,0.0,
9,relation_tier,chapter_local,tier1,recall,0.0,
9,relation_tier,chapter_local,tier1,f1,0.0,
9,relation_tier,chapter_local,tier1,tp,0,
9,relation_tier,chapter_local,tier1,fp,0,
9,relation_tier,chapter_local,tier1,fn,12,
9,relation_tier,chapter_local,tier2,precision,0.0,
9,relation_tier,chapter_local,tier2,recall,0.0,
9,relation_tier,chapter_local,tier2,f1,0.0,
9,relation_tier,chapter_local,tier2,tp,0,
9,relation_tier,chapter_local,tier2,fp,0,
9,relation_tier,chapter_local,tier2,fn,1,
9,relation_unmatchable,chapter_local,Orin Drask -LEADS-> Salt Quarter watch [source 'Orin Drask' not found by v1],reason,endpoint not found by v1,
9,relation_unmatchable,chapter_local,Hask -MEMBER_OF-> House Vell [target 'House Vell' not found by v1],reason,endpoint not found by v1,
9,relation_unmatchable,chapter_local,Hask -SERVES-> House Vell [target 'House Vell' not found by v1],reason,endpoint not found by v1,
9,relation_false_negative,chapter_local,Casimir Lowe -MEMBER_OF-> Salt Quarter watch,detail,,
9,relation_false_negative,chapter_local,Casimir Lowe -LOCATED_IN-> eastern docks,detail,,
9,relation_false_negative,chapter_local,Ettie Marsh -MEMBER_OF-> Salt Quarter watch,detail,,
9,relation_false_negative,chapter_local,Ettie Marsh -LOCATED_IN-> market row,detail,,
9,relation_false_negative,chapter_local,Pryn Voss -MEMBER_OF-> Salt Quarter watch,detail,,
9,relation_false_negative,chapter_local,Juno Stray -MEMBER_OF-> Salt Quarter watch,detail,,
9,relation_false_negative,chapter_local,Juno Stray -LOCATED_IN-> Bone Market,detail,,
9,relation_false_negative,chapter_local,Salt Quarter watch -LOCATED_IN-> Salt Quarter,detail,,
9,relation_false_negative,chapter_local,Hask -LOCATED_IN-> Bone Market,detail,,
9,relation_false_negative,chapter_local,the trader -LOCATED_IN-> Bone Market,detail,,
9,relation_false_negative,chapter_local,Orin Drask -LEADS-> Salt Quarter watch [unmatchable: endpoint not found by v1],detail,,
9,relation_false_negative,chapter_local,Hask -MEMBER_OF-> House Vell [unmatchable: endpoint not found by v1],detail,,
9,relation_false_negative,chapter_local,Hask -SERVES-> House Vell [unmatchable: endpoint not found by v1],detail,,
17,relation,chapter_local,ALL,micro_precision_matchable_only,0.0,
17,relation,chapter_local,ALL,micro_recall_matchable_only,0.0,
17,relation,chapter_local,ALL,micro_f1_matchable_only,0.0,
17,relation,chapter_local,ALL,fn_matchable_only,1,
17,relation,chapter_local,KIN_OF,precision,0.0,
17,relation,chapter_local,KIN_OF,recall,0.0,
17,relation,chapter_local,KIN_OF,f1,0.0,
17,relation,chapter_local,KIN_OF,tp,0,
17,relation,chapter_local,KIN_OF,fp,0,
17,relation,chapter_local,KIN_OF,fn,1,
17,relation,chapter_local,LOCATED_IN,precision,0.0,
17,relation,chapter_local,LOCATED_IN,recall,0.0,
17,relation,chapter_local,LOCATED_IN,f1,0.0,
17,relation,chapter_local,LOCATED_IN,tp,0,
17,relation,chapter_local,LOCATED_IN,fp,0,
17,relation,chapter_local,LOCATED_IN,fn,2,
17,relation,chapter_local,MEMBER_OF,precision,0.0,
17,relation,chapter_local,MEMBER_OF,recall,0.0,
17,relation,chapter_local,MEMBER_OF,f1,0.0,
17,relation,chapter_local,MEMBER_OF,tp,0,
17,relation,chapter_local,MEMBER_OF,fp,1,
17,relation,chapter_local,MEMBER_OF,fn,3,
17,relation,chapter_local,ALL,macro_f1,0.0,over 3 relation types
17,relation,chapter_local,ALL,micro_precision,0.0,
17,relation,chapter_local,ALL,micro_recall,0.0,
17,relation,chapter_local,ALL,micro_f1,0.0,
17,relation,chapter_local,ALL,tp,0,
17,relation,chapter_local,ALL,fp,1,
17,relation,chapter_local,ALL,fn,6,
17,relation_tier,chapter_local,tier1,precision,0.0,
17,relation_tier,chapter_local,tier1,recall,0.0,
17,relation_tier,chapter_local,tier1,f1,0.0,
17,relation_tier,chapter_local,tier1,tp,0,
17,relation_tier,chapter_local,tier1,fp,1,
17,relation_tier,chapter_local,tier1,fn,5,
17,relation_tier,chapter_local,tier2,precision,0.0,
17,relation_tier,chapter_local,tier2,recall,0.0,
17,relation_tier,chapter_local,tier2,f1,0.0,
17,relation_tier,chapter_local,tier2,tp,0,
17,relation_tier,chapter_local,tier2,fp,0,
17,relation_tier,chapter_local,tier2,fn,1,
17,relation_unmatchable,chapter_local,Vell Masque -LOCATED_IN-> Aldenreach [source 'Vell Masque' not found by v1],reason,endpoint not found by v1,
17,relation_unmatchable,chapter_local,Lord Fennick Oswald -MEMBER_OF-> House Oswald [target 'House Oswald' not found by v1],reason,endpoint not found by v1,
17,relation_unmatchable,chapter_local,Brenna Oswald -MEMBER_OF-> House Oswald [target 'House Oswald' not found by v1],reason,endpoint not found by v1,
17,relation_unmatchable,chapter_local,House Oswald -MEMBER_OF-> Council [source 'House Oswald' not found by v1],reason,endpoint not found by v1,
17,relation_unmatchable,chapter_local,Sorrel -LOCATED_IN-> Chancery [target 'Chancery' not found by v1],reason,endpoint not found by v1,
17,relation_false_negative,chapter_local,Lord Fennick Oswald -KIN_OF-> Brenna Oswald,detail,,
17,relation_false_negative,chapter_local,Vell Masque -LOCATED_IN-> Aldenreach [unmatchable: endpoint not found by v1],detail,,
17,relation_false_negative,chapter_local,Lord Fennick Oswald -MEMBER_OF-> House Oswald [unmatchable: endpoint not found by v1],detail,,
17,relation_false_negative,chapter_local,Brenna Oswald -MEMBER_OF-> House Oswald [unmatchable: endpoint not found by v1],detail,,
17,relation_false_negative,chapter_local,House Oswald -MEMBER_OF-> Council [unmatchable: endpoint not found by v1],detail,,
17,relation_false_negative,chapter_local,Sorrel -LOCATED_IN-> Chancery [unmatchable: endpoint not found by v1],detail,,
17,relation_false_positive,chapter_local,Brenna Oswald -MEMBER_OF-> Council,detail,,
37,relation,chapter_local,ALL,micro_precision_matchable_only,0.0,
37,relation,chapter_local,ALL,micro_recall_matchable_only,0.0,
37,relation,chapter_local,ALL,micro_f1_matchable_only,0.0,
37,relation,chapter_local,ALL,fn_matchable_only,2,
37,relation,chapter_local,LOCATED_IN,precision,0.0,
37,relation,chapter_local,LOCATED_IN,recall,0.0,
37,relation,chapter_local,LOCATED_IN,f1,0.0,
37,relation,chapter_local,LOCATED_IN,tp,0,
37,relation,chapter_local,LOCATED_IN,fp,2,
37,relation,chapter_local,LOCATED_IN,fn,3,
37,relation,chapter_local,MEMBER_OF,precision,0.0,
37,relation,chapter_local,MEMBER_OF,recall,0.0,
37,relation,chapter_local,MEMBER_OF,f1,0.0,
37,relation,chapter_local,MEMBER_OF,tp,0,
37,relation,chapter_local,MEMBER_OF,fp,0,
37,relation,chapter_local,MEMBER_OF,fn,1,
37,relation,chapter_local,ALL,macro_f1,0.0,over 2 relation types
37,relation,chapter_local,ALL,micro_precision,0.0,
37,relation,chapter_local,ALL,micro_recall,0.0,
37,relation,chapter_local,ALL,micro_f1,0.0,
37,relation,chapter_local,ALL,tp,0,
37,relation,chapter_local,ALL,fp,2,
37,relation,chapter_local,ALL,fn,4,
37,relation_tier,chapter_local,tier1,precision,0.0,
37,relation_tier,chapter_local,tier1,recall,0.0,
37,relation_tier,chapter_local,tier1,f1,0.0,
37,relation_tier,chapter_local,tier1,tp,0,
37,relation_tier,chapter_local,tier1,fp,2,
37,relation_tier,chapter_local,tier1,fn,4,
37,relation_unmatchable,chapter_local,Mira Quell -LOCATED_IN-> Undercroft [source 'Mira Quell' not found by v1],reason,endpoint not found by v1,
37,relation_unmatchable,chapter_local,Mira Quell -MEMBER_OF-> Choir [source 'Mira Quell' not found by v1],reason,endpoint not found by v1,
37,relation_false_negative,chapter_local,Choir -LOCATED_IN-> Undercroft,detail,,
37,relation_false_negative,chapter_local,Grey Road -LOCATED_IN-> Undercroft,detail,,
37,relation_false_negative,chapter_local,Mira Quell -LOCATED_IN-> Undercroft [unmatchable: endpoint not found by v1],detail,,
37,relation_false_negative,chapter_local,Mira Quell -MEMBER_OF-> Choir [unmatchable: endpoint not found by v1],detail,,
37,relation_false_positive,chapter_local,Mira -LOCATED_IN-> Undercroft,detail,,
37,relation_false_positive,chapter_local,Mira -LOCATED_IN-> Thornmere,detail,,
pooled,relation,chapter_local,KIN_OF,precision,0.0,
pooled,relation,chapter_local,KIN_OF,recall,0.0,
pooled,relation,chapter_local,KIN_OF,f1,0.0,
pooled,relation,chapter_local,KIN_OF,tp,0,
pooled,relation,chapter_local,KIN_OF,fp,0,
pooled,relation,chapter_local,KIN_OF,fn,1,
pooled,relation,chapter_local,LEADS,precision,0.0,
pooled,relation,chapter_local,LEADS,recall,0.0,
pooled,relation,chapter_local,LEADS,f1,0.0,
pooled,relation,chapter_local,LEADS,tp,0,
pooled,relation,chapter_local,LEADS,fp,0,
pooled,relation,chapter_local,LEADS,fn,1,
pooled,relation,chapter_local,LOCATED_IN,precision,0.0,
pooled,relation,chapter_local,LOCATED_IN,recall,0.0,
pooled,relation,chapter_local,LOCATED_IN,f1,0.0,
pooled,relation,chapter_local,LOCATED_IN,tp,0,
pooled,relation,chapter_local,LOCATED_IN,fp,2,
pooled,relation,chapter_local,LOCATED_IN,fn,11,
pooled,relation,chapter_local,MEMBER_OF,precision,0.0,
pooled,relation,chapter_local,MEMBER_OF,recall,0.0,
pooled,relation,chapter_local,MEMBER_OF,f1,0.0,
pooled,relation,chapter_local,MEMBER_OF,tp,0,
pooled,relation,chapter_local,MEMBER_OF,fp,1,
pooled,relation,chapter_local,MEMBER_OF,fn,9,
pooled,relation,chapter_local,SERVES,precision,0.0,
pooled,relation,chapter_local,SERVES,recall,0.0,
pooled,relation,chapter_local,SERVES,f1,0.0,
pooled,relation,chapter_local,SERVES,tp,0,
pooled,relation,chapter_local,SERVES,fp,0,
pooled,relation,chapter_local,SERVES,fn,1,
pooled,relation_tier,chapter_local,tier1,precision,0.0,
pooled,relation_tier,chapter_local,tier1,recall,0.0,
pooled,relation_tier,chapter_local,tier1,f1,0.0,
pooled,relation_tier,chapter_local,tier1,tp,0,
pooled,relation_tier,chapter_local,tier1,fp,3,
pooled,relation_tier,chapter_local,tier1,fn,21,
pooled,relation_tier,chapter_local,tier2,precision,0.0,
pooled,relation_tier,chapter_local,tier2,recall,0.0,
pooled,relation_tier,chapter_local,tier2,f1,0.0,
pooled,relation_tier,chapter_local,tier2,tp,0,
pooled,relation_tier,chapter_local,tier2,fp,0,
pooled,relation_tier,chapter_local,tier2,fn,2,
pooled,relation,chapter_local,ALL,micro_precision,0.0,
pooled,relation,chapter_local,ALL,micro_recall,0.0,
pooled,relation,chapter_local,ALL,micro_f1,0.0,
pooled,relation,chapter_local,ALL,macro_f1,0.0,
9,relation,cumulative,ALL,micro_precision_matchable_only,0.0,
9,relation,cumulative,ALL,micro_recall_matchable_only,0.0,
9,relation,cumulative,ALL,micro_f1_matchable_only,0.0,
9,relation,cumulative,ALL,fn_matchable_only,10,
9,relation,cumulative,LEADS,precision,0.0,
9,relation,cumulative,LEADS,recall,0.0,
9,relation,cumulative,LEADS,f1,0.0,
9,relation,cumulative,LEADS,tp,0,
9,relation,cumulative,LEADS,fp,0,
9,relation,cumulative,LEADS,fn,1,
9,relation,cumulative,LOCATED_IN,precision,0.0,
9,relation,cumulative,LOCATED_IN,recall,0.0,
9,relation,cumulative,LOCATED_IN,f1,0.0,
9,relation,cumulative,LOCATED_IN,tp,0,
9,relation,cumulative,LOCATED_IN,fp,1,
9,relation,cumulative,LOCATED_IN,fn,6,
9,relation,cumulative,MEMBER_OF,precision,0.0,
9,relation,cumulative,MEMBER_OF,recall,0.0,
9,relation,cumulative,MEMBER_OF,f1,0.0,
9,relation,cumulative,MEMBER_OF,tp,0,
9,relation,cumulative,MEMBER_OF,fp,0,
9,relation,cumulative,MEMBER_OF,fn,5,
9,relation,cumulative,OWNS,precision,0.0,
9,relation,cumulative,OWNS,recall,0.0,
9,relation,cumulative,OWNS,f1,0.0,
9,relation,cumulative,OWNS,tp,0,
9,relation,cumulative,OWNS,fp,1,
9,relation,cumulative,OWNS,fn,0,
9,relation,cumulative,SERVES,precision,0.0,
9,relation,cumulative,SERVES,recall,0.0,
9,relation,cumulative,SERVES,f1,0.0,
9,relation,cumulative,SERVES,tp,0,
9,relation,cumulative,SERVES,fp,0,
9,relation,cumulative,SERVES,fn,1,
9,relation,cumulative,ALL,macro_f1,0.0,over 5 relation types
9,relation,cumulative,ALL,micro_precision,0.0,
9,relation,cumulative,ALL,micro_recall,0.0,
9,relation,cumulative,ALL,micro_f1,0.0,
9,relation,cumulative,ALL,tp,0,
9,relation,cumulative,ALL,fp,2,
9,relation,cumulative,ALL,fn,13,
9,relation_tier,cumulative,tier1,precision,0.0,
9,relation_tier,cumulative,tier1,recall,0.0,
9,relation_tier,cumulative,tier1,f1,0.0,
9,relation_tier,cumulative,tier1,tp,0,
9,relation_tier,cumulative,tier1,fp,2,
9,relation_tier,cumulative,tier1,fn,12,
9,relation_tier,cumulative,tier2,precision,0.0,
9,relation_tier,cumulative,tier2,recall,0.0,
9,relation_tier,cumulative,tier2,f1,0.0,
9,relation_tier,cumulative,tier2,tp,0,
9,relation_tier,cumulative,tier2,fp,0,
9,relation_tier,cumulative,tier2,fn,1,
9,relation_unmatchable,cumulative,Orin Drask -LEADS-> Salt Quarter watch [source 'Orin Drask' not found by v1],reason,endpoint not found by v1,
9,relation_unmatchable,cumulative,Hask -MEMBER_OF-> House Vell [target 'House Vell' not found by v1],reason,endpoint not found by v1,
9,relation_unmatchable,cumulative,Hask -SERVES-> House Vell [target 'House Vell' not found by v1],reason,endpoint not found by v1,
9,relation_false_negative,cumulative,Casimir Lowe -MEMBER_OF-> Salt Quarter watch,detail,,
9,relation_false_negative,cumulative,Casimir Lowe -LOCATED_IN-> eastern docks,detail,,
9,relation_false_negative,cumulative,Ettie Marsh -MEMBER_OF-> Salt Quarter watch,detail,,
9,relation_false_negative,cumulative,Ettie Marsh -LOCATED_IN-> market row,detail,,
9,relation_false_negative,cumulative,Pryn Voss -MEMBER_OF-> Salt Quarter watch,detail,,
9,relation_false_negative,cumulative,Juno Stray -MEMBER_OF-> Salt Quarter watch,detail,,
9,relation_false_negative,cumulative,Juno Stray -LOCATED_IN-> Bone Market,detail,,
9,relation_false_negative,cumulative,Salt Quarter watch -LOCATED_IN-> Salt Quarter,detail,,
9,relation_false_negative,cumulative,Hask -LOCATED_IN-> Bone Market,detail,,
9,relation_false_negative,cumulative,the trader -LOCATED_IN-> Bone Market,detail,,
9,relation_false_negative,cumulative,Orin Drask -LEADS-> Salt Quarter watch [unmatchable: endpoint not found by v1],detail,,
9,relation_false_negative,cumulative,Hask -MEMBER_OF-> House Vell [unmatchable: endpoint not found by v1],detail,,
9,relation_false_negative,cumulative,Hask -SERVES-> House Vell [unmatchable: endpoint not found by v1],detail,,
9,relation_false_positive,cumulative,Undercroft -LOCATED_IN-> Bone Market,detail,,
9,relation_false_positive,cumulative,Corwin -OWNS-> ledger,detail,,
17,relation,cumulative,ALL,micro_precision_matchable_only,0.0,
17,relation,cumulative,ALL,micro_recall_matchable_only,0.0,
17,relation,cumulative,ALL,micro_f1_matchable_only,0.0,
17,relation,cumulative,ALL,fn_matchable_only,1,
17,relation,cumulative,KIN_OF,precision,0.0,
17,relation,cumulative,KIN_OF,recall,0.0,
17,relation,cumulative,KIN_OF,f1,0.0,
17,relation,cumulative,KIN_OF,tp,0,
17,relation,cumulative,KIN_OF,fp,0,
17,relation,cumulative,KIN_OF,fn,1,
17,relation,cumulative,LOCATED_IN,precision,0.0,
17,relation,cumulative,LOCATED_IN,recall,0.0,
17,relation,cumulative,LOCATED_IN,f1,0.0,
17,relation,cumulative,LOCATED_IN,tp,0,
17,relation,cumulative,LOCATED_IN,fp,1,
17,relation,cumulative,LOCATED_IN,fn,2,
17,relation,cumulative,MEMBER_OF,precision,0.0,
17,relation,cumulative,MEMBER_OF,recall,0.0,
17,relation,cumulative,MEMBER_OF,f1,0.0,
17,relation,cumulative,MEMBER_OF,tp,0,
17,relation,cumulative,MEMBER_OF,fp,2,
17,relation,cumulative,MEMBER_OF,fn,3,
17,relation,cumulative,ALL,macro_f1,0.0,over 3 relation types
17,relation,cumulative,ALL,micro_precision,0.0,
17,relation,cumulative,ALL,micro_recall,0.0,
17,relation,cumulative,ALL,micro_f1,0.0,
17,relation,cumulative,ALL,tp,0,
17,relation,cumulative,ALL,fp,3,
17,relation,cumulative,ALL,fn,6,
17,relation_tier,cumulative,tier1,precision,0.0,
17,relation_tier,cumulative,tier1,recall,0.0,
17,relation_tier,cumulative,tier1,f1,0.0,
17,relation_tier,cumulative,tier1,tp,0,
17,relation_tier,cumulative,tier1,fp,3,
17,relation_tier,cumulative,tier1,fn,5,
17,relation_tier,cumulative,tier2,precision,0.0,
17,relation_tier,cumulative,tier2,recall,0.0,
17,relation_tier,cumulative,tier2,f1,0.0,
17,relation_tier,cumulative,tier2,tp,0,
17,relation_tier,cumulative,tier2,fp,0,
17,relation_tier,cumulative,tier2,fn,1,
17,relation_unmatchable,cumulative,Vell Masque -LOCATED_IN-> Aldenreach [source 'Vell Masque' not found by v1],reason,endpoint not found by v1,
17,relation_unmatchable,cumulative,Lord Fennick Oswald -MEMBER_OF-> House Oswald [target 'House Oswald' not found by v1],reason,endpoint not found by v1,
17,relation_unmatchable,cumulative,Brenna Oswald -MEMBER_OF-> House Oswald [target 'House Oswald' not found by v1],reason,endpoint not found by v1,
17,relation_unmatchable,cumulative,House Oswald -MEMBER_OF-> Council [source 'House Oswald' not found by v1],reason,endpoint not found by v1,
17,relation_unmatchable,cumulative,Sorrel -LOCATED_IN-> Chancery [target 'Chancery' not found by v1],reason,endpoint not found by v1,
17,relation_false_negative,cumulative,Lord Fennick Oswald -KIN_OF-> Brenna Oswald,detail,,
17,relation_false_negative,cumulative,Vell Masque -LOCATED_IN-> Aldenreach [unmatchable: endpoint not found by v1],detail,,
17,relation_false_negative,cumulative,Lord Fennick Oswald -MEMBER_OF-> House Oswald [unmatchable: endpoint not found by v1],detail,,
17,relation_false_negative,cumulative,Brenna Oswald -MEMBER_OF-> House Oswald [unmatchable: endpoint not found by v1],detail,,
17,relation_false_negative,cumulative,House Oswald -MEMBER_OF-> Council [unmatchable: endpoint not found by v1],detail,,
17,relation_false_negative,cumulative,Sorrel -LOCATED_IN-> Chancery [unmatchable: endpoint not found by v1],detail,,
17,relation_false_positive,cumulative,Corwin -MEMBER_OF-> Council,detail,,
17,relation_false_positive,cumulative,Brenna Oswald -MEMBER_OF-> Council,detail,,
17,relation_false_positive,cumulative,Sorrel -LOCATED_IN-> Aldenreach,detail,,
37,relation,cumulative,ALL,micro_precision_matchable_only,0.0,
37,relation,cumulative,ALL,micro_recall_matchable_only,0.0,
37,relation,cumulative,ALL,micro_f1_matchable_only,0.0,
37,relation,cumulative,ALL,fn_matchable_only,2,
37,relation,cumulative,LOCATED_IN,precision,0.0,
37,relation,cumulative,LOCATED_IN,recall,0.0,
37,relation,cumulative,LOCATED_IN,f1,0.0,
37,relation,cumulative,LOCATED_IN,tp,0,
37,relation,cumulative,LOCATED_IN,fp,4,
37,relation,cumulative,LOCATED_IN,fn,3,
37,relation,cumulative,MEMBER_OF,precision,0.0,
37,relation,cumulative,MEMBER_OF,recall,0.0,
37,relation,cumulative,MEMBER_OF,f1,0.0,
37,relation,cumulative,MEMBER_OF,tp,0,
37,relation,cumulative,MEMBER_OF,fp,1,
37,relation,cumulative,MEMBER_OF,fn,1,
37,relation,cumulative,ALL,macro_f1,0.0,over 2 relation types
37,relation,cumulative,ALL,micro_precision,0.0,
37,relation,cumulative,ALL,micro_recall,0.0,
37,relation,cumulative,ALL,micro_f1,0.0,
37,relation,cumulative,ALL,tp,0,
37,relation,cumulative,ALL,fp,5,
37,relation,cumulative,ALL,fn,4,
37,relation_tier,cumulative,tier1,precision,0.0,
37,relation_tier,cumulative,tier1,recall,0.0,
37,relation_tier,cumulative,tier1,f1,0.0,
37,relation_tier,cumulative,tier1,tp,0,
37,relation_tier,cumulative,tier1,fp,5,
37,relation_tier,cumulative,tier1,fn,4,
37,relation_unmatchable,cumulative,Mira Quell -LOCATED_IN-> Undercroft [source 'Mira Quell' not found by v1],reason,endpoint not found by v1,
37,relation_unmatchable,cumulative,Mira Quell -MEMBER_OF-> Choir [source 'Mira Quell' not found by v1],reason,endpoint not found by v1,
37,relation_false_negative,cumulative,Choir -LOCATED_IN-> Undercroft,detail,,
37,relation_false_negative,cumulative,Grey Road -LOCATED_IN-> Undercroft,detail,,
37,relation_false_negative,cumulative,Mira Quell -LOCATED_IN-> Undercroft [unmatchable: endpoint not found by v1],detail,,
37,relation_false_negative,cumulative,Mira Quell -MEMBER_OF-> Choir [unmatchable: endpoint not found by v1],detail,,
37,relation_false_positive,cumulative,Thessaly -MEMBER_OF-> Choir,detail,,
37,relation_false_positive,cumulative,Sorrel -LOCATED_IN-> Undercroft,detail,,
37,relation_false_positive,cumulative,Thessaly -LOCATED_IN-> Undercroft,detail,,
37,relation_false_positive,cumulative,Mira -LOCATED_IN-> Undercroft,detail,,
37,relation_false_positive,cumulative,Mira -LOCATED_IN-> Thornmere,detail,,
pooled,relation,cumulative,KIN_OF,precision,0.0,
pooled,relation,cumulative,KIN_OF,recall,0.0,
pooled,relation,cumulative,KIN_OF,f1,0.0,
pooled,relation,cumulative,KIN_OF,tp,0,
pooled,relation,cumulative,KIN_OF,fp,0,
pooled,relation,cumulative,KIN_OF,fn,1,
pooled,relation,cumulative,LEADS,precision,0.0,
pooled,relation,cumulative,LEADS,recall,0.0,
pooled,relation,cumulative,LEADS,f1,0.0,
pooled,relation,cumulative,LEADS,tp,0,
pooled,relation,cumulative,LEADS,fp,0,
pooled,relation,cumulative,LEADS,fn,1,
pooled,relation,cumulative,LOCATED_IN,precision,0.0,
pooled,relation,cumulative,LOCATED_IN,recall,0.0,
pooled,relation,cumulative,LOCATED_IN,f1,0.0,
pooled,relation,cumulative,LOCATED_IN,tp,0,
pooled,relation,cumulative,LOCATED_IN,fp,6,
pooled,relation,cumulative,LOCATED_IN,fn,11,
pooled,relation,cumulative,MEMBER_OF,precision,0.0,
pooled,relation,cumulative,MEMBER_OF,recall,0.0,
pooled,relation,cumulative,MEMBER_OF,f1,0.0,
pooled,relation,cumulative,MEMBER_OF,tp,0,
pooled,relation,cumulative,MEMBER_OF,fp,3,
pooled,relation,cumulative,MEMBER_OF,fn,9,
pooled,relation,cumulative,OWNS,precision,0.0,
pooled,relation,cumulative,OWNS,recall,0.0,
pooled,relation,cumulative,OWNS,f1,0.0,
pooled,relation,cumulative,OWNS,tp,0,
pooled,relation,cumulative,OWNS,fp,1,
pooled,relation,cumulative,OWNS,fn,0,
pooled,relation,cumulative,SERVES,precision,0.0,
pooled,relation,cumulative,SERVES,recall,0.0,
pooled,relation,cumulative,SERVES,f1,0.0,
pooled,relation,cumulative,SERVES,tp,0,
pooled,relation,cumulative,SERVES,fp,0,
pooled,relation,cumulative,SERVES,fn,1,
pooled,relation_tier,cumulative,tier1,precision,0.0,
pooled,relation_tier,cumulative,tier1,recall,0.0,
pooled,relation_tier,cumulative,tier1,f1,0.0,
pooled,relation_tier,cumulative,tier1,tp,0,
pooled,relation_tier,cumulative,tier1,fp,10,
pooled,relation_tier,cumulative,tier1,fn,21,
pooled,relation_tier,cumulative,tier2,precision,0.0,
pooled,relation_tier,cumulative,tier2,recall,0.0,
pooled,relation_tier,cumulative,tier2,f1,0.0,
pooled,relation_tier,cumulative,tier2,tp,0,
pooled,relation_tier,cumulative,tier2,fp,0,
pooled,relation_tier,cumulative,tier2,fn,2,
pooled,relation,cumulative,ALL,micro_precision,0.0,
pooled,relation,cumulative,ALL,micro_recall,0.0,
pooled,relation,cumulative,ALL,micro_f1,0.0,
pooled,relation,cumulative,ALL,macro_f1,0.0,
9,tier3,,reference_count,count,0,
9,tier3,,v1_count_chapter_local,count,0,
9,tier3,,v1_count_cumulative,count,0,
9,tier3,,matched_count,count,0,
17,tier3,,reference_count,count,0,
17,tier3,,v1_count_chapter_local,count,0,
17,tier3,,v1_count_cumulative,count,0,
17,tier3,,matched_count,count,0,
37,tier3,,reference_count,count,0,
37,tier3,,v1_count_chapter_local,count,0,
37,tier3,,v1_count_cumulative,count,0,
37,tier3,,matched_count,count,0,
37,tier3,,v1_holds_TRANSMIGRATED_INTO,bool,False,
37,tier3,,reference_has_matching_tier3,bool,False,
pooled,tier3,,reference_count,count,0,
pooled,tier3,,v1_count_chapter_local,count,0,
pooled,tier3,,matched_count,count,0,
9,ranking,,P@10,value,0.4,
9,ranking,,P@20,value,"not measured: only 19 ranked entities, fewer than 20",
9,ranking,,Recall@20,value,"not measured: only 19 ranked entities, fewer than 20",
9,ranking,,MAP,value,0.518651,
9,ranking,,AUC,value,0.717949,
9,ranking,,ranked_entities,count,19,
9,ranking,,positive_entities,count,6,
17,ranking,,P@10,value,0.7,
17,ranking,,P@20,value,"not measured: only 15 ranked entities, fewer than 20",
17,ranking,,Recall@20,value,"not measured: only 15 ranked entities, fewer than 20",
17,ranking,,MAP,value,0.937925,
17,ranking,,AUC,value,0.946429,
17,ranking,,ranked_entities,count,15,
17,ranking,,positive_entities,count,7,
37,ranking,,P@10,value,"not measured: only 8 ranked entities, fewer than 10",
37,ranking,,P@20,value,"not measured: only 8 ranked entities, fewer than 20",
37,ranking,,Recall@20,value,"not measured: only 8 ranked entities, fewer than 20",
37,ranking,,MAP,value,0.873413,
37,ranking,,AUC,value,0.666667,
37,ranking,,ranked_entities,count,8,
37,ranking,,positive_entities,count,6,
pooled,ranking,,P@10,value,0.4,
pooled,ranking,,P@20,value,0.35,
pooled,ranking,,Recall@20,value,0.368421,
pooled,ranking,,MAP,value,0.45562,
pooled,ranking,,AUC,value,0.437071,
9,rejected_mention_emitted,,ledger,v1_canonical_name,ledger (Item),An incidental generic object. The passage uses it only to describe record-keeping and does not establish an individually significant item.
9,rejected_mention_emitted,,certain goods,v1_canonical_name,certain goods (Item),Unspecified merchandise rather than individually identifiable items.
9,rejected_mention_emitted,,coin purse,v1_canonical_name,coin purse (Item),An incidental generic object whose individual identity is not important to following the chapter.
9,rejected_mentions,,scored,count,14,
9,rejected_mentions,,emitted_by_v1,count,3,
9,rejected_mentions,,emitted_rate,value,0.214286,
17,rejected_mention_emitted,,rooms,v1_canonical_name,rooms (Place),Generic physical spaces without individually identifiable locations.
17,rejected_mentions,,scored,count,19,
17,rejected_mentions,,emitted_by_v1,count,1,
17,rejected_mentions,,emitted_rate,value,0.052632,
37,rejected_mentions,,scored,count,16,
37,rejected_mentions,,emitted_by_v1,count,0,
37,rejected_mentions,,emitted_rate,value,0.0,
pooled,rejected_mentions,,scored,count,49,
pooled,rejected_mentions,,emitted_by_v1,count,4,
pooled,rejected_mentions,,emitted_rate,value,0.081633,
