path,width,height,size_ok,stdev,blank,ink_ratio,ink_bbox_fraction,uniform,single_block,ok,problems
F:\Dev\Claude_folder_project_and_stuff\StoryWeave\evidence\shots\rendered_everyone_ch10_ego.png,3200,1800,True,38.8987,False,0.09811,0.97,False,False,True,
F:\Dev\Claude_folder_project_and_stuff\StoryWeave\evidence\shots\rendered_everyone_ch10_full.png,3200,1800,True,23.7892,False,0.040822,0.97,False,False,True,
F:\Dev\Claude_folder_project_and_stuff\StoryWeave\evidence\shots\rendered_everyone_ch20_ego.png,3200,1800,True,42.6112,False,0.145274,0.97,False,False,True,
F:\Dev\Claude_folder_project_and_stuff\StoryWeave\evidence\shots\rendered_everyone_ch20_full.png,3200,1800,True,22.096,False,0.039489,0.97,False,False,True,
F:\Dev\Claude_folder_project_and_stuff\StoryWeave\evidence\shots\rendered_everyone_ch30_ego.png,3200,1800,True,41.7671,False,0.16332,0.97,False,False,True,
F:\Dev\Claude_folder_project_and_stuff\StoryWeave\evidence\shots\rendered_everyone_ch30_full.png,3200,1800,True,19.9363,False,0.038332,0.97,False,False,True,
F:\Dev\Claude_folder_project_and_stuff\StoryWeave\evidence\shots\rendered_everyone_ch40_ego.png,3200,1800,True,45.2232,False,0.198355,0.97,False,False,True,
F:\Dev\Claude_folder_project_and_stuff\StoryWeave\evidence\shots\rendered_everyone_ch40_full.png,3200,1800,True,19.7906,False,0.03972,0.97,False,False,True,
F:\Dev\Claude_folder_project_and_stuff\StoryWeave\evidence\shots\rendered_view_ch10_ego.png,3200,1800,True,38.8423,False,0.097116,0.97,False,False,True,
F:\Dev\Claude_folder_project_and_stuff\StoryWeave\evidence\shots\rendered_view_ch10_full.png,3200,1800,True,23.7384,False,0.040773,0.97,False,False,True,
F:\Dev\Claude_folder_project_and_stuff\StoryWeave\evidence\shots\rendered_view_ch20_ego.png,3200,1800,True,42.6114,False,0.145285,0.97,False,False,True,
F:\Dev\Claude_folder_project_and_stuff\StoryWeave\evidence\shots\rendered_view_ch20_full.png,3200,1800,True,22.1172,False,0.039493,0.97,False,False,True,
F:\Dev\Claude_folder_project_and_stuff\StoryWeave\evidence\shots\rendered_view_ch30_ego.png,3200,1800,True,41.7638,False,0.163148,0.97,False,False,True,
F:\Dev\Claude_folder_project_and_stuff\StoryWeave\evidence\shots\rendered_view_ch30_full.png,3200,1800,True,20.1304,False,0.039155,0.97,False,False,True,
F:\Dev\Claude_folder_project_and_stuff\StoryWeave\evidence\shots\rendered_view_ch40_ego.png,3200,1800,True,45.2219,False,0.198349,0.97,False,False,True,
F:\Dev\Claude_folder_project_and_stuff\StoryWeave\evidence\shots\rendered_view_ch40_full.png,3200,1800,True,19.7872,False,0.03971,0.97,False,False,True,
