panel,gold_type,predicted_type,n
v1_8type,Ability,Character,0
v1_8type,Ability,Concept,0
v1_8type,Ability,Event,0
v1_8type,Ability,Item,0
v1_8type,Ability,Organization,0
v1_8type,Ability,Place,0
v1_8type,Ability,Title,0
v1_8type,Ability,missed,1
v1_8type,Character,Character,14
v1_8type,Character,Concept,0
v1_8type,Character,Event,0
v1_8type,Character,Item,0
v1_8type,Character,Organization,0
v1_8type,Character,Place,0
v1_8type,Character,Title,0
v1_8type,Character,missed,4
v1_8type,Concept,Character,2
v1_8type,Concept,Concept,0
v1_8type,Concept,Event,0
v1_8type,Concept,Item,0
v1_8type,Concept,Organization,0
v1_8type,Concept,Place,0
v1_8type,Concept,Title,0
v1_8type,Concept,missed,1
v1_8type,Event,Character,0
v1_8type,Event,Concept,0
v1_8type,Event,Event,0
v1_8type,Event,Item,0
v1_8type,Event,Organization,0
v1_8type,Event,Place,0
v1_8type,Event,Title,0
v1_8type,Event,missed,1
v1_8type,Item,Character,0
v1_8type,Item,Concept,0
v1_8type,Item,Event,0
v1_8type,Item,Item,0
v1_8type,Item,Organization,0
v1_8type,Item,Place,0
v1_8type,Item,Title,0
v1_8type,Item,missed,1
v1_8type,Organization,Character,0
v1_8type,Organization,Concept,0
v1_8type,Organization,Event,0
v1_8type,Organization,Item,0
v1_8type,Organization,Organization,2
v1_8type,Organization,Place,4
v1_8type,Organization,Title,0
v1_8type,Organization,missed,1
v1_8type,Place,Character,0
v1_8type,Place,Concept,0
v1_8type,Place,Event,0
v1_8type,Place,Item,0
v1_8type,Place,Organization,1
v1_8type,Place,Place,9
v1_8type,Place,Title,0
v1_8type,Place,missed,2
v1_8type,Title,Character,1
v1_8type,Title,Concept,0
v1_8type,Title,Event,0
v1_8type,Title,Item,0
v1_8type,Title,Organization,0
v1_8type,Title,Place,0
v1_8type,Title,Title,0
v1_8type,Title,missed,2
v1_8type,spurious,Character,4
v1_8type,spurious,Concept,3
v1_8type,spurious,Event,2
v1_8type,spurious,Item,1
v1_8type,spurious,Organization,0
v1_8type,spurious,Place,4
v1_8type,spurious,Title,1
v1_8type,spurious,missed,0
final_4type,Character,Character,13
final_4type,Character,Item,0
final_4type,Character,Organization,0
final_4type,Character,Place,0
final_4type,Character,missed,5
final_4type,Item,Character,0
final_4type,Item,Item,0
final_4type,Item,Organization,0
final_4type,Item,Place,0
final_4type,Item,missed,1
final_4type,Organization,Character,0
final_4type,Organization,Item,0
final_4type,Organization,Organization,3
final_4type,Organization,Place,3
final_4type,Organization,missed,1
final_4type,Place,Character,0
final_4type,Place,Item,0
final_4type,Place,Organization,1
final_4type,Place,Place,9
final_4type,Place,missed,2
final_4type,spurious,Character,7
final_4type,spurious,Item,4
final_4type,spurious,Organization,0
final_4type,spurious,Place,2
final_4type,spurious,missed,0
