phase,stage,n,of_total
R4,NOT_IN_THE_TWELVE,28,51
R4,NO_PROPOSAL,12,51
R4,ENTITY_MISSING,6,51
R4,WRONG_TYPE,2,51
R4,VALIDATOR_REJECTED,1,51
R4,GRADE_INFERRED,1,51
R4,FOUND,1,51
R4b,NOT_IN_THE_TWELVE,28,51
R4b,NO_PROPOSAL,18,51
R4b,ENTITY_MISSING,0,51
R4b,WRONG_TYPE,2,51
R4b,VALIDATOR_REJECTED,1,51
R4b,GRADE_INFERRED,1,51
R4b,FOUND,1,51
R4c,NOT_IN_THE_TWELVE,28,51
R4c,NO_PROPOSAL,18,51
R4c,ENTITY_MISSING,0,51
R4c,WRONG_TYPE,2,51
R4c,VALIDATOR_REJECTED,1,51
R4c,GRADE_INFERRED,1,51
R4c,FOUND,1,51
R5,NOT_IN_THE_TWELVE,28,51
R5,NO_PROPOSAL,17,51
R5,ENTITY_MISSING,0,51
R5,WRONG_TYPE,2,51
R5,VALIDATOR_REJECTED,1,51
R5,GRADE_INFERRED,2,51
R5,FOUND,1,51
