gold_relation,predicted_relation,n
KIN_OF,ENEMY_OF,0
KIN_OF,KILLED,0
KIN_OF,KIN_OF,1
KIN_OF,LEADS,0
KIN_OF,LOCATED_IN,0
KIN_OF,MEMBER_OF,0
KIN_OF,MENTOR_OF,0
KIN_OF,OWNS,0
KIN_OF,ROMANTIC_WITH,0
KIN_OF,SAME_AS,0
KIN_OF,SERVES,0
KIN_OF,NONE,0
LEADS,ENEMY_OF,0
LEADS,KILLED,0
LEADS,KIN_OF,0
LEADS,LEADS,0
LEADS,LOCATED_IN,0
LEADS,MEMBER_OF,0
LEADS,MENTOR_OF,0
LEADS,OWNS,0
LEADS,ROMANTIC_WITH,0
LEADS,SAME_AS,0
LEADS,SERVES,0
LEADS,NONE,1
LOCATED_IN,ENEMY_OF,0
LOCATED_IN,KILLED,0
LOCATED_IN,KIN_OF,0
LOCATED_IN,LEADS,0
LOCATED_IN,LOCATED_IN,0
LOCATED_IN,MEMBER_OF,0
LOCATED_IN,MENTOR_OF,0
LOCATED_IN,OWNS,0
LOCATED_IN,ROMANTIC_WITH,0
LOCATED_IN,SAME_AS,0
LOCATED_IN,SERVES,0
LOCATED_IN,NONE,11
MEMBER_OF,ENEMY_OF,0
MEMBER_OF,KILLED,0
MEMBER_OF,KIN_OF,0
MEMBER_OF,LEADS,0
MEMBER_OF,LOCATED_IN,0
MEMBER_OF,MEMBER_OF,0
MEMBER_OF,MENTOR_OF,0
MEMBER_OF,OWNS,0
MEMBER_OF,ROMANTIC_WITH,0
MEMBER_OF,SAME_AS,0
MEMBER_OF,SERVES,0
MEMBER_OF,NONE,9
SERVES,ENEMY_OF,0
SERVES,KILLED,0
SERVES,KIN_OF,0
SERVES,LEADS,0
SERVES,LOCATED_IN,0
SERVES,MEMBER_OF,0
SERVES,MENTOR_OF,0
SERVES,OWNS,0
SERVES,ROMANTIC_WITH,0
SERVES,SAME_AS,0
SERVES,SERVES,0
SERVES,NONE,1
NONE,ENEMY_OF,1
NONE,KILLED,1
NONE,KIN_OF,1
NONE,LEADS,1
NONE,LOCATED_IN,6
NONE,MEMBER_OF,7
NONE,MENTOR_OF,1
NONE,OWNS,1
NONE,ROMANTIC_WITH,1
NONE,SAME_AS,2
NONE,SERVES,3
NONE,NONE,0
